routine,policy,cap,p_per_attempt,expected_attempts,timeout_probability,worst_cx,expected_cx,worst_1q,expected_1q,worst_measure,expected_measure,worst_reset,expected_reset,static_cx,qasm_file,timeout_residual,independent_timeout_residual,timeout_engine_agreement_residual,primary_timeout_relative_probability_residual,primary_timeout_conditional_residual,independent_timeout_relative_probability_residual,independent_timeout_conditional_residual,timeout_conditional_engine_agreement_residual,success_probability,success_residual,independent_success_residual,success_engine_agreement_residual,primary_success_relative_probability_residual,primary_success_conditional_residual,independent_success_relative_probability_residual,independent_success_conditional_residual,success_conditional_engine_agreement_residual,trace_residual,independent_trace_residual,verified,branch_checks,failures,independence_scope,timeout_probability_supplied,probability_note
ibm_rx,fixed_coherent_coin,7,0.6249999999999993,1.5983314514160174,0.001042842864990246,168,38.35995483398442,252,57.53993225097663,7,1.5983314514160174,7,1.5983314514160174,168,generated/47f37bce7fa4/ibm_rx/ibm_rx_fixed_coherent_coin.qasm,2.5839740872633e-18,2.333563418347257e-18,1.790671397526492e-18,1.2212453270876722e-15,1.6739451158541042e-15,1.6653345369377348e-15,1.3151679935146075e-15,1.7731140727860455e-15,0.99895715713501,1.2818015370494815e-15,1.3011163175561363e-15,3.91416099311034e-16,2.220446049250313e-16,1.3352984769340232e-15,2.220446049250313e-16,1.3047857473312976e-15,4.446420153738468e-16,2.220446049250313e-16,2.220446049250313e-16,True,"[{'branch': 'timeout', 'expected_probability': 0.0010428428649902474, 'actual_probability': 0.001042842864990246, 'independent_probability': 0.0010428428649902457, 'primary_conditional_status': 'checked', 'independent_conditional_status': 'checked'}, {'branch': 'success', 'expected_probability': 0.9989571571350098, 'actual_probability': 0.99895715713501, 'independent_probability': 0.9989571571350099, 'primary_conditional_status': 'checked', 'independent_conditional_status': 'checked'}]",[],"Separate gate matrices, measurement, reset, reference preparation and partial trace; shared Qiskit QASM parser, NumPy and declared contract.",True,Timeout supplied separately to avoid cancellation in 1-success.
ibm_rx,fixed_early_measure,7,0.6249999999999993,1.5983314514160174,0.0010428428649902463,2,1.9979143142700195,13,7.592074394226076,7,1.5983314514160174,7,1.5983314514160174,14,generated/47f37bce7fa4/ibm_rx/ibm_rx_fixed_early_measure.qasm,1.0842021724855044e-18,1.0842021724855044e-18,0.0,9.992007221626409e-16,0.0,9.992007221626409e-16,0.0,0.0,0.9989571571350095,1.1043472127162889e-15,1.1092771922616664e-15,1.2324146974869153e-16,2.220446049250313e-16,1.0957176071207753e-15,2.220446049250313e-16,1.0993160617480746e-15,1.2330774181208478e-16,2.220446049250313e-16,2.220446049250313e-16,True,"[{'branch': 'timeout', 'expected_probability': 0.0010428428649902474, 'actual_probability': 0.0010428428649902463, 'independent_probability': 0.0010428428649902463, 'primary_conditional_status': 'checked', 'independent_conditional_status': 'checked'}, {'branch': 'success', 'expected_probability': 0.9989571571350098, 'actual_probability': 0.9989571571350095, 'independent_probability': 0.9989571571350095, 'primary_conditional_status': 'checked', 'independent_conditional_status': 'checked'}]",[],"Separate gate matrices, measurement, reset, reference preparation and partial trace; shared Qiskit QASM parser, NumPy and declared contract.",True,Timeout supplied separately to avoid cancellation in 1-success.
ibm_rx,selected_early_measure,5,0.6249999999999993,1.5881347656250016,0.007415771484375061,2,1.9851684570312498,11,7.543640136718751,5,1.5881347656250016,5,1.5881347656250016,10,generated/47f37bce7fa4/ibm_rx/ibm_rx_selected_early_measure.qasm,5.204170427930421e-18,5.204170427930421e-18,0.0,6.661338147750939e-16,0.0,6.661338147750939e-16,0.0,0.0,0.9925842285156248,1.0960597686646207e-15,1.1011088408251748e-15,1.233337549246782e-16,1.1102230246251565e-16,1.1105194920753215e-15,1.1102230246251565e-16,1.1140713865115109e-15,1.2380980877260143e-16,1.1102230246251565e-16,1.1102230246251565e-16,True,"[{'branch': 'timeout', 'expected_probability': 0.007415771484375066, 'actual_probability': 0.007415771484375061, 'independent_probability': 0.007415771484375061, 'primary_conditional_status': 'checked', 'independent_conditional_status': 'checked'}, {'branch': 'success', 'expected_probability': 0.9925842285156249, 'actual_probability': 0.9925842285156248, 'independent_probability': 0.9925842285156248, 'primary_conditional_status': 'checked', 'independent_conditional_status': 'checked'}]",[],"Separate gate matrices, measurement, reset, reference preparation and partial trace; shared Qiskit QASM parser, NumPy and declared contract.",True,Timeout supplied separately to avoid cancellation in 1-success.
ibm_rx,deterministic,1,0.6249999999999993,1,0.0,2,2,7,7,1,1,0,0,2,generated/47f37bce7fa4/ibm_rx/ibm_rx_deterministic.qasm,0.0,0.0,0.0,,,,,,1.0,1.1308209941502942e-15,1.1010651724871714e-15,1.8577822965798645e-16,0.0,1.1308209941502942e-15,0.0,1.1010651724871714e-15,1.8577822965798645e-16,0.0,0.0,True,"[{'branch': 'timeout', 'expected_probability': 0.0, 'actual_probability': 0.0, 'independent_probability': 0.0, 'primary_conditional_status': 'zero_expected_absolute_check_only', 'independent_conditional_status': 'zero_expected_absolute_check_only'}, {'branch': 'success', 'expected_probability': 1.0, 'actual_probability': 1.0, 'independent_probability': 1.0, 'primary_conditional_status': 'checked', 'independent_conditional_status': 'checked'}]",[],"Separate gate matrices, measurement, reset, reference preparation and partial trace; shared Qiskit QASM parser, NumPy and declared contract.",True,Timeout supplied separately to avoid cancellation in 1-success.
guppy_v3,fixed_coherent_coin,7,0.624999999999999,1.598331451416018,0.0010428428649902524,168,38.35995483398443,245,55.94160079956063,7,1.598331451416018,7,1.598331451416018,168,generated/47f37bce7fa4/guppy_v3/guppy_v3_fixed_coherent_coin.qasm,4.869079959346731e-18,4.88400913236272e-18,1.4398759960556833e-18,1.4432899320127035e-15,4.373545013373885e-15,1.6653345369377348e-15,4.436894649204328e-15,1.3991398801222209e-15,0.9989571571350095,7.00120503703445e-16,7.273609041211325e-16,3.981356310845942e-16,2.220446049250313e-16,6.887243278289729e-16,3.3306690738754696e-16,7.041786779448899e-16,4.245659123791541e-16,2.220446049250313e-16,3.3306690738754696e-16,True,"[{'branch': 'timeout', 'expected_probability': 0.0010428428649902539, 'actual_probability': 0.0010428428649902524, 'independent_probability': 0.0010428428649902522, 'primary_conditional_status': 'checked', 'independent_conditional_status': 'checked'}, {'branch': 'success', 'expected_probability': 0.9989571571350098, 'actual_probability': 0.9989571571350095, 'independent_probability': 0.9989571571350094, 'primary_conditional_status': 'checked', 'independent_conditional_status': 'checked'}]",[],"Separate gate matrices, measurement, reset, reference preparation and partial trace; shared Qiskit QASM parser, NumPy and declared contract.",True,Timeout supplied separately to avoid cancellation in 1-success.
guppy_v3,fixed_early_measure,7,0.624999999999999,1.598331451416018,0.001042842864990254,2,1.9979143142700195,13,7.592074394226077,7,1.598331451416018,7,1.598331451416018,14,generated/47f37bce7fa4/guppy_v3/guppy_v3_fixed_early_measure.qasm,2.168404344971009e-19,2.168404344971009e-19,0.0,2.220446049250313e-16,0.0,2.220446049250313e-16,0.0,0.0,0.9989571571350098,3.7374081024355517e-16,4.0568794874551766e-16,1.3769668577224267e-16,0.0,3.822012792731396e-16,0.0,4.0787628143314216e-16,1.3772655454684521e-16,0.0,0.0,True,"[{'branch': 'timeout', 'expected_probability': 0.0010428428649902539, 'actual_probability': 0.001042842864990254, 'independent_probability': 0.001042842864990254, 'primary_conditional_status': 'checked', 'independent_conditional_status': 'checked'}, {'branch': 'success', 'expected_probability': 0.9989571571350098, 'actual_probability': 0.9989571571350098, 'independent_probability': 0.9989571571350098, 'primary_conditional_status': 'checked', 'independent_conditional_status': 'checked'}]",[],"Separate gate matrices, measurement, reset, reference preparation and partial trace; shared Qiskit QASM parser, NumPy and declared contract.",True,Timeout supplied separately to avoid cancellation in 1-success.
guppy_v3,selected_early_measure,5,0.624999999999999,1.5881347656250024,0.0074157714843751,2,1.9851684570312498,11,7.543640136718752,5,1.5881347656250024,5,1.5881347656250024,10,generated/47f37bce7fa4/guppy_v3/guppy_v3_selected_early_measure.qasm,8.673617379884035e-19,8.673617379884035e-19,0.0,2.220446049250313e-16,0.0,2.220446049250313e-16,0.0,0.0,0.992584228515625,3.797385400020466e-16,4.140015092751544e-16,1.348904097701912e-16,2.220446049250313e-16,3.7374334828484035e-16,2.220446049250313e-16,4.0478167291257345e-16,1.3510946876213309e-16,0.0,0.0,True,"[{'branch': 'timeout', 'expected_probability': 0.007415771484375099, 'actual_probability': 0.0074157714843751, 'independent_probability': 0.0074157714843751, 'primary_conditional_status': 'checked', 'independent_conditional_status': 'checked'}, {'branch': 'success', 'expected_probability': 0.9925842285156249, 'actual_probability': 0.992584228515625, 'independent_probability': 0.992584228515625, 'primary_conditional_status': 'checked', 'independent_conditional_status': 'checked'}]",[],"Separate gate matrices, measurement, reset, reference preparation and partial trace; shared Qiskit QASM parser, NumPy and declared contract.",True,Timeout supplied separately to avoid cancellation in 1-success.
guppy_v3,deterministic,1,0.624999999999999,1,0.0,2,2,7,7,1,1,0,0,2,generated/47f37bce7fa4/guppy_v3/guppy_v3_deterministic.qasm,0.0,0.0,0.0,,,,,,1.0,4.217221836658467e-16,4.2683918756651655e-16,1.7377434883351615e-16,0.0,4.217221836658467e-16,0.0,4.2683918756651655e-16,1.7377434883351615e-16,0.0,0.0,True,"[{'branch': 'timeout', 'expected_probability': 0.0, 'actual_probability': 0.0, 'independent_probability': 0.0, 'primary_conditional_status': 'zero_expected_absolute_check_only', 'independent_conditional_status': 'zero_expected_absolute_check_only'}, {'branch': 'success', 'expected_probability': 1.0, 'actual_probability': 1.0, 'independent_probability': 1.0, 'primary_conditional_status': 'checked', 'independent_conditional_status': 'checked'}]",[],"Separate gate matrices, measurement, reset, reference preparation and partial trace; shared Qiskit QASM parser, NumPy and declared contract.",True,Timeout supplied separately to avoid cancellation in 1-success.
gearbox,fixed_coherent_coin,7,0.7726679061160777,1.2941764684210109,3.13780004373282e-05,168,31.060235242104262,245,45.29617639473538,7,1.2941764684210109,7,1.2941764684210109,168,generated/47f37bce7fa4/gearbox/gearbox_fixed_coherent_coin.qasm,1.669233835942693e-19,1.6570755050640038e-19,4.593931875078188e-20,2.220446049250313e-16,5.29371209929696e-15,1.1102230246251565e-15,5.213394209133836e-15,1.7180803207978873e-15,0.9999686219995629,1.2233454962794498e-15,1.1471563723982026e-15,4.769087579830387e-16,2.220446049250313e-16,1.1976291951576292e-15,4.440892098500626e-16,1.1558075210315354e-15,5.27219556549568e-16,2.220446049250313e-16,4.440892098500626e-16,True,"[{'branch': 'timeout', 'expected_probability': 3.1378000437328196e-05, 'actual_probability': 3.13780004373282e-05, 'independent_probability': 3.137800043732823e-05, 'primary_conditional_status': 'checked', 'independent_conditional_status': 'checked'}, {'branch': 'success', 'expected_probability': 0.9999686219995627, 'actual_probability': 0.9999686219995629, 'independent_probability': 0.9999686219995632, 'primary_conditional_status': 'checked', 'independent_conditional_status': 'checked'}]",[],"Separate gate matrices, measurement, reset, reference preparation and partial trace; shared Qiskit QASM parser, NumPy and declared contract.",True,Timeout supplied separately to avoid cancellation in 1-success.
gearbox,fixed_early_measure,7,0.7726679061160777,1.2941764684210109,3.137800043732821e-05,2,1.9999372439991254,13,7.2939882004183865,7,1.2941764684210109,7,1.2941764684210109,14,generated/47f37bce7fa4/gearbox/gearbox_fixed_early_measure.qasm,1.3552527156068805e-20,1.3552527156068805e-20,0.0,4.440892098500626e-16,0.0,4.440892098500626e-16,0.0,0.0,0.9999686219995625,1.037921367119748e-15,1.0325306025736312e-15,1.3910163009857217e-16,2.220446049250313e-16,1.0283715069558888e-15,2.220446049250313e-16,1.028506563274619e-15,1.5232119875200211e-16,2.220446049250313e-16,2.220446049250313e-16,True,"[{'branch': 'timeout', 'expected_probability': 3.1378000437328196e-05, 'actual_probability': 3.137800043732821e-05, 'independent_probability': 3.137800043732821e-05, 'primary_conditional_status': 'checked', 'independent_conditional_status': 'checked'}, {'branch': 'success', 'expected_probability': 0.9999686219995627, 'actual_probability': 0.9999686219995625, 'independent_probability': 0.9999686219995625, 'primary_conditional_status': 'checked', 'independent_conditional_status': 'checked'}]",[],"Separate gate matrices, measurement, reset, reference preparation and partial trace; shared Qiskit QASM parser, NumPy and declared contract.",True,Timeout supplied separately to avoid cancellation in 1-success.
gearbox,selected_early_measure,4,0.7726679061160777,1.290760470332433,0.0026708100908354477,2,1.994658379818329,10,7.27473560978742,4,1.290760470332433,4,1.290760470332433,8,generated/47f37bce7fa4/gearbox/gearbox_selected_early_measure.qasm,8.673617379884035e-19,8.673617379884035e-19,0.0,2.220446049250313e-16,0.0,2.220446049250313e-16,0.0,0.0,0.9973291899091644,1.020563461627728e-15,1.0165273876665554e-15,1.391409585074105e-16,1.1102230246251565e-16,1.0289008717513247e-15,1.1102230246251565e-16,1.0323072490284735e-15,1.3933257464644932e-16,1.1102230246251565e-16,1.1102230246251565e-16,True,"[{'branch': 'timeout', 'expected_probability': 0.002670810090835447, 'actual_probability': 0.0026708100908354477, 'independent_probability': 0.0026708100908354477, 'primary_conditional_status': 'checked', 'independent_conditional_status': 'checked'}, {'branch': 'success', 'expected_probability': 0.9973291899091645, 'actual_probability': 0.9973291899091644, 'independent_probability': 0.9973291899091644, 'primary_conditional_status': 'checked', 'independent_conditional_status': 'checked'}]",[],"Separate gate matrices, measurement, reset, reference preparation and partial trace; shared Qiskit QASM parser, NumPy and declared contract.",True,Timeout supplied separately to avoid cancellation in 1-success.
gearbox,deterministic,1,0.7726679061160777,1,0.0,2,2,7,7,1,1,0,0,2,generated/47f37bce7fa4/gearbox/gearbox_deterministic.qasm,0.0,0.0,0.0,,,,,,0.9999999999999999,1.022576552193582e-15,1.023269552475459e-15,1.7020587596038124e-16,1.1102230246251565e-16,1.0151587384730587e-15,1.1102230246251565e-16,1.019794939984964e-15,1.6792756841473586e-16,1.1102230246251565e-16,1.1102230246251565e-16,True,"[{'branch': 'timeout', 'expected_probability': 0.0, 'actual_probability': 0.0, 'independent_probability': 0.0, 'primary_conditional_status': 'zero_expected_absolute_check_only', 'independent_conditional_status': 'zero_expected_absolute_check_only'}, {'branch': 'success', 'expected_probability': 1.0, 'actual_probability': 0.9999999999999999, 'independent_probability': 0.9999999999999999, 'primary_conditional_status': 'checked', 'independent_conditional_status': 'checked'}]",[],"Separate gate matrices, measurement, reset, reference preparation and partial trace; shared Qiskit QASM parser, NumPy and declared contract.",True,Timeout supplied separately to avoid cancellation in 1-success.
